type,value,time
T,7719.0000,0.0000
T,7692.0000,0.0010
T,7533.0000,0.0020
T,7719.0000,0.0030
T,7719.0000,0.0040
E,0.0000,0.0000
G,4000.0000,0.0100
T,7719.0000,0.0111
E,0.0000,0.0000
G,4000.0000,0.0200
T,7692.0000,0.0212
E,0.0100,0.0000
G,4000.0000,0.0300
T,7533.0000,0.0313
E,0.1600,0.0000
G,4000.0000,0.0400
T,7240.0000,0.0415
E,0.4000,0.0000
G,4000.0000,0.0500
T,6831.0000,0.0506
E,0.7000,0.0000
G,4000.0000,0.0600
T,6268.0000,0.0617
E,1.0600,0.0000
G,4000.0000,0.0700
T,5693.0000,0.0708
E,1.5000,0.0000
G,4000.0000,0.0800
T,4965.0000,0.0809
E,2.0000,0.0000
G,4000.0000,0.0900
T,4120.0000,0.0910
E,2.3100,0.0000
G,4000.0000,0.1000
T,3641.0000,0.1012
E,2.1900,0.0000
G,4000.0000,0.1100
T,3918.0000,0.1113
E,2.1200,0.0000
G,4000.0000,0.1200
T,4040.0000,0.1214
E,2.1100,0.0000
G,4000.0000,0.1300
T,4056.0000,0.1305
E,2.1100,0.0000
G,4000.0000,0.1400
T,4051.0000,0.1406
E,2.1100,0.0000
G,4000.0000,0.1500
T,4035.0000,0.1507
E,2.1200,0.0000
G,4000.0000,0.1600
T,4024.0000,0.1609
E,2.1200,0.0000
G,4000.0000,0.1700
T,4014.0000,0.1710
E,2.1200,0.0000
G,4000.0000,0.1800
T,4008.0000,0.1811
E,2.1200,0.0000
G,4000.0000,0.1900
T,4008.0000,0.1912
E,2.1200,0.0000
G,4000.0000,0.2000
T,4003.0000,0.2013
E,2.1200,0.0000
G,4000.0000,0.2100
T,4003.0000,0.2105
E,2.1200,0.0000
G,4000.0000,0.2200
T,3998.0000,0.2206
E,2.1200,0.0000
G,4000.0000,0.2300
T,3998.0000,0.2307
E,2.1200,0.0000
G,4000.0000,0.2400
T,3998.0000,0.2408
E,2.1300,0.0000
G,4000.0000,0.2500
T,3998.0000,0.2509
E,2.1300,0.0000
G,4000.0000,0.2600
T,3998.0000,0.2610
E,2.1300,0.0000
G,4000.0000,0.2700
T,3998.0000,0.2712
E,2.1300,0.0000
G,4000.0000,0.2800
T,3998.0000,0.2813
E,2.1300,0.0000
G,4000.0000,0.2900
T,3998.0000,0.2904
E,2.1300,0.0000
G,4000.0000,0.3000
T,3998.0000,0.3005
E,2.1300,0.0000
G,4000.0000,0.3100
T,3998.0000,0.3106
E,2.1300,0.0000
G,4000.0000,0.3200
T,3998.0000,0.3208
E,2.1300,0.0000
G,4000.0000,0.3300
T,3998.0000,0.3309
E,2.1300,0.0000
G,4000.0000,0.3400
T,3998.0000,0.3410
E,2.1300,0.0000
G,4000.0000,0.3500
T,3998.0000,0.3511
E,2.1300,0.0000
G,4000.0000,0.3600
T,3998.0000,0.3612
E,2.1300,0.0000
G,4000.0000,0.3700
T,3998.0000,0.3713
E,2.1300,0.0000
G,4000.0000,0.3800
T,3998.0000,0.3815
E,2.1300,0.0000
G,4000.0000,0.3900
T,3998.0000,0.3906
E,2.1300,0.0000
G,4000.0000,0.4000
T,3998.0000,0.4007
E,2.1300,0.0000
G,4000.0000,0.4100
T,3998.0000,0.4108
E,2.1300,0.0000
G,4000.0000,0.4200
T,3998.0000,0.4209
E,2.1300,0.0000
G,4000.0000,0.4300
T,3998.0000,0.4311
E,2.1300,0.0000
G,4000.0000,0.4400
T,3998.0000,0.4412
E,2.1300,0.0000
G,4000.0000,0.4500
T,3998.0000,0.4513
E,2.1300,0.0000
G,4000.0000,0.4600
T,3998.0000,0.4604
E,2.1300,0.0000
G,4000.0000,0.4700
T,3998.0000,0.4705
E,2.1300,0.0000
G,4000.0000,0.4800
T,3998.0000,0.4806
E,2.1300,0.0000
G,4000.0000,0.4900
T,3998.0000,0.4908
E,2.1300,0.0000
G,4000.0000,0.5000
T,3998.0000,0.5009
E,2.1300,0.0000
G,4000.0000,0.5100
T,3998.0000,0.5110
E,2.1300,0.0000
G,4000.0000,0.5200
T,3998.0000,0.5211
E,2.1300,0.0000
G,4000.0000,0.5300
T,3998.0000,0.5312
E,2.1300,0.0000
G,4000.0000,0.5400
T,3998.0000,0.5403
E,2.1300,0.0000
G,4000.0000,0.5500
T,3998.0000,0.5505
E,2.1300,0.0000
G,4000.0000,0.5600
T,3998.0000,0.5606
E,2.1300,0.0000
G,4000.0000,0.5700
T,3998.0000,0.5707
E,2.1300,0.0000
G,4000.0000,0.5800
T,3998.0000,0.5808
E,2.1300,0.0000
G,4000.0000,0.5900
T,3998.0000,0.5909
E,2.1300,0.0000
G,4000.0000,0.6000
T,3998.0000,0.6011
E,2.1300,0.0000
G,4000.0000,0.6100
T,3998.0000,0.6112
E,2.1300,0.0000
G,4000.0000,0.6200
T,3998.0000,0.6203
E,2.1300,0.0000
G,4000.0000,0.6300
T,3998.0000,0.6304
E,2.1300,0.0000
G,4000.0000,0.6400
T,3998.0000,0.6405
E,2.1300,0.0000
G,4000.0000,0.6500
T,3998.0000,0.6506
E,2.1300,0.0000
G,4000.0000,0.6600
T,3998.0000,0.6608
E,2.1300,0.0000
G,4000.0000,0.6700
T,3998.0000,0.6709
E,2.1300,0.0000
G,4000.0000,0.6800
T,3998.0000,0.6810
E,2.1300,0.0000
G,4000.0000,0.6900
T,3998.0000,0.6911
E,2.1300,0.0000
G,4000.0000,0.7000
T,3998.0000,0.7012
E,2.1300,0.0000
G,4000.0000,0.7100
T,3998.0000,0.7103
E,2.1300,0.0000
G,4000.0000,0.7200
T,3998.0000,0.7205
E,2.1300,0.0000
G,4000.0000,0.7300
T,3998.0000,0.7306
E,2.1300,0.0000
G,4000.0000,0.7400
T,3998.0000,0.7407
E,2.1300,0.0000
G,4000.0000,0.7500
T,3998.0000,0.7508
E,2.1300,0.0000
G,4000.0000,0.7600
T,3998.0000,0.7609
E,2.1300,0.0000
G,4000.0000,0.7700
T,3998.0000,0.7711
E,2.1300,0.0000
G,4000.0000,0.7800
T,3998.0000,0.7812
E,2.1300,0.0000
G,4000.0000,0.7900
T,3998.0000,0.7903
E,2.1300,0.0000
G,4000.0000,0.8000
T,3998.0000,0.8004
E,2.1300,0.0000
G,4000.0000,0.8100
T,3998.0000,0.8105
E,2.1300,0.0000
G,4000.0000,0.8200
T,3998.0000,0.8206
E,2.1300,0.0000
G,4000.0000,0.8300
T,3998.0000,0.8308
E,2.1300,0.0000
G,4000.0000,0.8400
T,3998.0000,0.8409
E,2.1300,0.0000
G,4000.0000,0.8500
T,3998.0000,0.8510
E,2.1300,0.0000
G,4000.0000,0.8600
T,3998.0000,0.8611
E,2.1300,0.0000
G,4000.0000,0.8700
T,3998.0000,0.8702
E,2.1300,0.0000
G,4000.0000,0.8800
T,3998.0000,0.8803
E,2.1300,0.0000
G,4000.0000,0.8900
T,3998.0000,0.8905
E,2.1300,0.0000
G,4000.0000,0.9000
T,3998.0000,0.9006
E,2.1300,0.0000
G,4000.0000,0.9100
T,3998.0000,0.9107
E,2.1300,0.0000
G,4000.0000,0.9200
T,3998.0000,0.9208
E,2.1300,0.0000
G,4000.0000,0.9300
T,3998.0000,0.9309
E,2.1300,0.0000
G,4000.0000,0.9400
T,3998.0000,0.9411
E,2.1300,0.0000
G,4000.0000,0.9500
T,3998.0000,0.9502
E,2.1300,0.0000
G,4000.0000,0.9600
T,3998.0000,0.9603
E,2.1300,0.0000
G,4000.0000,0.9700
T,3998.0000,0.9704
E,2.1300,0.0000
G,4000.0000,0.9800
T,3998.0000,0.9805
E,2.1300,0.0000
G,4000.0000,0.9900
T,3998.0000,0.9906
E,2.1300,1.0000
G,4000.0000,1.0000
T,3998.0000,1.0008
E,2.1300,1.0000
G,4000.0000,1.0100
T,3998.0000,1.0109
E,2.1300,1.0000
G,4000.0000,1.0200
T,3998.0000,1.0210
E,2.1300,1.0000
G,4000.0000,1.0300
T,3998.0000,1.0311
E,2.1300,1.0000
G,4000.0000,1.0400
T,3998.0000,1.0402
E,2.1300,1.0000
G,4000.0000,1.0500
T,3998.0000,1.0503
E,2.1300,1.0000
G,4000.0000,1.0600
T,3998.0000,1.0605
E,2.1300,1.0000
G,4000.0000,1.0700
T,3998.0000,1.0706
E,2.1300,1.0000
G,4000.0000,1.0800
T,3998.0000,1.0807
E,2.1300,1.0000
G,4000.0000,1.0900
T,3998.0000,1.0908
E,2.1300,1.0000
G,4000.0000,1.1000
T,3998.0000,1.1009
E,2.1300,1.0000
G,4000.0000,1.1100
T,3998.0000,1.1111
E,2.1300,1.0000
G,4000.0000,1.1200
T,3998.0000,1.1202
E,2.1300,1.0000
G,4000.0000,1.1300
T,3998.0000,1.1303
E,2.1300,1.0000
G,4000.0000,1.1400
T,3998.0000,1.1404
E,2.1300,1.0000
G,4000.0000,1.1500
T,3998.0000,1.1505
E,2.1300,1.0000
G,4000.0000,1.1600
T,3998.0000,1.1606
E,2.1300,1.0000
G,4000.0000,1.1700
T,3998.0000,1.1708
E,2.1300,1.0000
G,4000.0000,1.1800
T,3998.0000,1.1809
E,2.1300,1.0000
G,4000.0000,1.1900
T,3998.0000,1.1910
E,2.1300,1.0000
G,4000.0000,1.2000
T,3998.0000,1.2001
E,2.1300,1.0000
G,4000.0000,1.2100
T,3998.0000,1.2102
E,2.1300,1.0000
G,4000.0000,1.2200
T,3998.0000,1.2203
E,2.1300,1.0000
G,4000.0000,1.2300
T,3998.0000,1.2305
E,2.1300,1.0000
G,4000.0000,1.2400
T,3998.0000,1.2406
E,2.1300,1.0000
G,4000.0000,1.2500
T,3998.0000,1.2507
E,2.1300,1.0000
G,4000.0000,1.2600
T,3998.0000,1.2608
E,2.1300,1.0000
G,4000.0000,1.2700
T,3998.0000,1.2709
E,2.1300,1.0000
G,4000.0000,1.2800
T,3998.0000,1.2800
E,2.1300,1.0000
G,4000.0000,1.2900
T,3998.0000,1.2902
E,2.1300,1.0000
G,4000.0000,1.3000
T,3998.0000,1.3003
E,2.1300,1.0000
G,4000.0000,1.3100
T,3998.0000,1.3104
E,2.1300,1.0000
G,4000.0000,1.3200
T,3998.0000,1.3205
E,2.1300,1.0000
G,4000.0000,1.3300
T,3998.0000,1.3306
E,2.1300,1.0000
G,4000.0000,1.3400
T,3998.0000,1.3408
E,2.1300,1.0000
G,4000.0000,1.3500
T,3998.0000,1.3509
T,3998.0000,1.3600
E,2.1300,1.0000
G,4000.0000,1.3600
E,2.1300,1.0000
G,4000.0000,1.3700
T,3998.0000,1.3701
E,2.1300,1.0000
G,4000.0000,1.3800
T,3998.0000,1.3802
E,2.1300,1.0000
G,4000.0000,1.3900
T,3998.0000,1.3903
E,2.1300,1.0000
G,4000.0000,1.4000
T,3998.0000,1.4005
E,2.1300,1.0000
G,4000.0000,1.4100
T,3998.0000,1.4106
E,2.1300,1.0000
G,4000.0000,1.4200
T,3998.0000,1.4207
E,2.1300,1.0000
G,4000.0000,1.4300
T,3998.0000,1.4308
T,3998.0000,1.4399
E,2.1300,1.0000
G,4000.0000,1.4400
E,2.1300,1.0000
G,4000.0000,1.4500
T,3998.0000,1.4501
E,2.1300,1.0000
G,4000.0000,1.4600
T,3998.0000,1.4602
E,2.1300,1.0000
G,4000.0000,1.4700
T,3998.0000,1.4703
E,2.1300,1.0000
G,4000.0000,1.4800
T,3998.0000,1.4804
E,2.1300,1.0000
G,4000.0000,1.4900
T,3998.0000,1.4905
E,2.1300,1.0000
G,4000.0000,1.5000
T,3998.0000,1.5007
E,2.1300,1.0000
G,4000.0000,1.5100
T,3998.0000,1.5108
T,3998.0000,1.5199
E,2.1300,1.0000
G,4000.0000,1.5200
T,3998.0000,1.5300
E,2.1300,1.0000
G,4000.0000,1.5300
E,2.1300,1.0000
G,4000.0000,1.5400
T,3998.0000,1.5401
E,2.1300,1.0000
G,4000.0000,1.5500
T,3998.0000,1.5502
E,2.1300,1.0000
G,4000.0000,1.5600
T,3998.0000,1.5604
E,2.1300,1.0000
G,4000.0000,1.5700
T,3998.0000,1.5705
E,2.1300,1.0000
G,4000.0000,1.5800
T,3998.0000,1.5806
E,2.1300,1.0000
G,4000.0000,1.5900
T,3998.0000,1.5907
E,2.1300,1.0000
G,4000.0000,1.6000
T,3998.0000,1.6008
T,3998.0000,1.6100
E,2.1300,1.0000
G,4000.0000,1.6100
E,2.1300,1.0000
G,4000.0000,1.6200
T,3998.0000,1.6201
E,2.1300,1.0000
G,4000.0000,1.6300
T,3998.0000,1.6302
E,2.1300,1.0000
G,4000.0000,1.6400
T,3998.0000,1.6403
E,2.1300,1.0000
G,4000.0000,1.6500
T,3998.0000,1.6504
E,2.1300,1.0000
G,4000.0000,1.6600
T,3998.0000,1.6616
E,2.1300,1.0000
G,4000.0000,1.6700
T,3998.0000,1.6707
E,2.1300,1.0000
G,4000.0000,1.6800
T,3998.0000,1.6808
T,3998.0000,1.6899
E,2.1300,1.0000
G,4000.0000,1.6900
T,3998.0000,1.7000
E,2.1300,1.0000
G,4000.0000,1.7000
E,2.1300,1.0000
G,4000.0000,1.7100
T,3998.0000,1.7101
E,2.1300,1.0000
G,4000.0000,1.7200
T,3998.0000,1.7202
E,2.1300,1.0000
G,4000.0000,1.7300
T,3998.0000,1.7304
E,2.1300,1.0000
G,4000.0000,1.7400
T,3998.0000,1.7405
E,2.1300,1.0000
G,4000.0000,1.7500
T,3998.0000,1.7506
E,2.1300,1.0000
G,4000.0000,1.7600
T,3998.0000,1.7607
T,3998.0000,1.7698
E,2.1300,1.0000
G,4000.0000,1.7700
T,3998.0000,1.7800
E,2.1300,1.0000
G,4000.0000,1.7800
E,2.1300,1.0000
G,4000.0000,1.7900
T,3998.0000,1.7901
E,2.1300,1.0000
G,4000.0000,1.8000
T,3998.0000,1.8002
E,2.1300,1.0000
G,4000.0000,1.8100
T,3998.0000,1.8103
E,2.1300,1.0000
G,4000.0000,1.8200
T,3998.0000,1.8204
E,2.1300,1.0000
G,4000.0000,1.8300
T,3998.0000,1.8305
E,2.1300,1.0000
G,4000.0000,1.8400
T,3998.0000,1.8407
T,3998.0000,1.8498
E,2.1300,1.0000
G,4000.0000,1.8500
T,3998.0000,1.8599
E,2.1300,1.0000
G,4000.0000,1.8600
T,3998.0000,1.8700
E,2.1300,1.0000
G,4000.0000,1.8700
E,2.1300,1.0000
G,4000.0000,1.8800
T,3998.0000,1.8801
E,2.1300,1.0000
G,4000.0000,1.8900
T,3998.0000,1.8902
E,2.1300,1.0000
G,4000.0000,1.9000
T,3998.0000,1.9004
E,2.1300,1.0000
G,4000.0000,1.9100
T,3998.0000,1.9105
E,2.1300,1.0000
G,4000.0000,1.9200
T,3998.0000,1.9206
E,2.1300,1.0000
G,4000.0000,1.9300
T,3998.0000,1.9307
T,3998.0000,1.9398
E,2.1300,1.0000
G,4000.0000,1.9400
T,3998.0000,1.9500
E,2.1300,1.0000
G,4000.0000,1.9500
E,2.1300,1.0000
G,4000.0000,1.9600
T,3998.0000,1.9601
E,2.1300,1.0000
G,4000.0000,1.9700
T,3998.0000,1.9702
E,2.1300,1.0000
G,4000.0000,1.9800
T,3998.0000,1.9813
E,2.1300,1.0000
G,4000.0000,1.9900
T,3998.0000,1.9904
E,2.1300,2.0000
G,4000.0000,2.0000
T,3998.0000,2.0005
E,2.1300,2.0000
G,10000.0000,2.0100
T,3998.0000,2.0107
T,4407.0000,2.0198
E,1.9000,2.0000
G,10000.0000,2.0200
T,5816.0000,2.0299
E,1.1000,2.0000
G,10000.0000,2.0300
T,8048.0000,2.0400
E,-0.2600,2.0000
G,10000.0000,2.0400
E,-1.6300,2.0000
G,10000.0000,2.0500
T,10462.0000,2.0501
E,-2.3300,2.0000
G,10000.0000,2.0600
T,11727.0000,2.0602
E,-2.4100,2.0000
G,10000.0000,2.0700
T,11817.0000,2.0704
E,-1.9400,2.0000
G,10000.0000,2.0800
T,10930.0000,2.0805
E,-1.1800,2.0000
G,10000.0000,2.0900
T,9648.0000,2.0906
T,9430.0000,2.0997
E,-1.0600,2.0000
G,10000.0000,2.1000
T,9590.0000,2.1098
E,-1.1100,2.0000
G,10000.0000,2.1100
T,9765.0000,2.1200
E,-1.2200,2.0000
G,10000.0000,2.1200
E,-1.2800,2.0000
G,10000.0000,2.1300
T,9877.0000,2.1301
E,-1.3100,2.0000
G,10000.0000,2.1400
T,9925.0000,2.1402
E,-1.3200,2.0000
G,10000.0000,2.1500
T,9946.0000,2.1503
E,-1.3300,2.0000
G,10000.0000,2.1600
T,9962.0000,2.1604
E,-1.3400,2.0000
G,10000.0000,2.1700
T,9973.0000,2.1705
T,9983.0000,2.1797
E,-1.3400,2.0000
G,10000.0000,2.1800
T,9989.0000,2.1898
E,-1.3400,2.0000
G,10000.0000,2.1900
T,9994.0000,2.1999
E,-1.3500,2.0000
G,10000.0000,2.2000
T,9994.0000,2.2100
E,-1.3500,2.0000
G,10000.0000,2.2100
E,-1.3500,2.0000
G,10000.0000,2.2200
T,9999.0000,2.2201
E,-1.3500,2.0000
G,10000.0000,2.2300
T,9999.0000,2.2302
E,-1.3500,2.0000
G,10000.0000,2.2400
T,9999.0000,2.2404
E,-1.3500,2.0000
G,10000.0000,2.2500
T,9999.0000,2.2505
T,9999.0000,2.2596
E,-1.3500,2.0000
G,10000.0000,2.2600
T,9999.0000,2.2697
E,-1.3500,2.0000
G,10000.0000,2.2700
T,9999.0000,2.2798
E,-1.3500,2.0000
G,10000.0000,2.2800
T,9999.0000,2.2900
E,-1.3500,2.0000
G,10000.0000,2.2900
E,-1.3500,2.0000
G,10000.0000,2.3000
T,9999.0000,2.3011
E,-1.3500,2.0000
G,10000.0000,2.3100
T,9999.0000,2.3102
E,-1.3500,2.0000
G,10000.0000,2.3200
T,9999.0000,2.3203
E,-1.3500,2.0000
G,10000.0000,2.3300
T,9999.0000,2.3304
E,-1.3500,2.0000
G,10000.0000,2.3400
T,9999.0000,2.3405
T,9999.0000,2.3497
E,-1.3500,2.0000
G,10000.0000,2.3500
T,9999.0000,2.3598
E,-1.3500,2.0000
G,10000.0000,2.3600
T,9999.0000,2.3699
E,-1.3500,2.0000
G,10000.0000,2.3700
T,9999.0000,2.3800
E,-1.3500,2.0000
G,10000.0000,2.3800
E,-1.3500,2.0000
G,10000.0000,2.3900
T,9999.0000,2.3901
E,-1.3500,2.0000
G,10000.0000,2.4000
T,9999.0000,2.4002
E,-1.3500,2.0000
G,10000.0000,2.4100
T,9999.0000,2.4104
E,-1.3500,2.0000
G,10000.0000,2.4200
T,9999.0000,2.4205
T,9999.0000,2.4296
E,-1.3500,2.0000
G,10000.0000,2.4300
T,9999.0000,2.4397
E,-1.3500,2.0000
G,10000.0000,2.4400
T,9999.0000,2.4498
E,-1.3500,2.0000
G,10000.0000,2.4500
T,9999.0000,2.4600
E,-1.3500,2.0000
G,10000.0000,2.4600
E,-1.3500,2.0000
G,10000.0000,2.4700
T,9999.0000,2.4701
E,-1.3500,2.0000
G,10000.0000,2.4800
T,9999.0000,2.4802
E,-1.3500,2.0000
G,10000.0000,2.4900
T,9999.0000,2.4903
E,-1.3500,2.0000
G,10000.0000,2.5000
T,9999.0000,2.5004
T,9999.0000,2.5095
E,-1.3500,2.0000
G,10000.0000,2.5100
T,9999.0000,2.5197
E,-1.3500,2.0000
G,10000.0000,2.5200
T,9999.0000,2.5298
E,-1.3500,2.0000
G,10000.0000,2.5300
T,9999.0000,2.5399
E,-1.3500,2.0000
G,10000.0000,2.5400
T,9999.0000,2.5500
E,-1.3500,2.0000
G,10000.0000,2.5500
E,-1.3500,2.0000
G,10000.0000,2.5600
T,9999.0000,2.5601
E,-1.3500,2.0000
G,10000.0000,2.5700
T,9999.0000,2.5702
E,-1.3500,2.0000
G,10000.0000,2.5800
T,9999.0000,2.5804
T,9999.0000,2.5895
E,-1.3500,2.0000
G,10000.0000,2.5900
T,9999.0000,2.5996
E,-1.3500,2.0000
G,10000.0000,2.6000
T,9999.0000,2.6097
E,-1.3500,2.0000
G,10000.0000,2.6100
E,-1.3500,2.0000
G,10000.0000,2.6200
T,9999.0000,2.6208
T,9999.0000,2.6300
E,-1.3500,2.0000
G,10000.0000,2.6300
E,-1.3500,2.0000
G,10000.0000,2.6400
T,9999.0000,2.6401
E,-1.3500,2.0000
G,10000.0000,2.6500
T,9999.0000,2.6502
E,-1.3500,2.0000
G,10000.0000,2.6600
T,9999.0000,2.6603
E,-1.3500,2.0000
G,10000.0000,2.6700
T,9999.0000,2.6704
T,9999.0000,2.6795
E,-1.3500,2.0000
G,10000.0000,2.6800
T,9999.0000,2.6897
E,-1.3500,2.0000
G,10000.0000,2.6900
T,9999.0000,2.6998
E,-1.3500,2.0000
G,10000.0000,2.7000
T,9999.0000,2.7099
E,-1.3500,2.0000
G,10000.0000,2.7100
T,9999.0000,2.7200
E,-1.3500,2.0000
G,10000.0000,2.7200
E,-1.3500,2.0000
G,10000.0000,2.7300
T,9999.0000,2.7301
E,-1.3500,2.0000
G,10000.0000,2.7400
T,9999.0000,2.7402
E,-1.3500,2.0000
G,10000.0000,2.7500
T,9999.0000,2.7504
T,9999.0000,2.7595
E,-1.3500,2.0000
G,10000.0000,2.7600
T,9999.0000,2.7696
E,-1.3500,2.0000
G,10000.0000,2.7700
T,9999.0000,2.7797
E,-1.3500,2.0000
G,10000.0000,2.7800
T,9999.0000,2.7898
E,-1.3500,2.0000
G,10000.0000,2.7900
T,9999.0000,2.8000
E,-1.3500,2.0000
G,10000.0000,2.8000
E,-1.3500,2.0000
G,10000.0000,2.8100
T,9999.0000,2.8101
E,-1.3500,2.0000
G,10000.0000,2.8200
T,9999.0000,2.8202
E,-1.3500,2.0000
G,10000.0000,2.8300
T,9999.0000,2.8303
T,9999.0000,2.8394
E,-1.3500,2.0000
G,10000.0000,2.8400
T,9999.0000,2.8495
E,-1.3500,2.0000
G,10000.0000,2.8500
T,9999.0000,2.8597
E,-1.3500,2.0000
G,10000.0000,2.8600
T,9999.0000,2.8698
E,-1.3500,2.0000
G,10000.0000,2.8700
T,9999.0000,2.8799
E,-1.3500,2.0000
G,10000.0000,2.8800
T,9999.0000,2.8900
E,-1.3500,2.0000
G,10000.0000,2.8900
E,-1.3500,2.0000
G,10000.0000,2.9000
T,9999.0000,2.9001
E,-1.3500,2.0000
G,10000.0000,2.9100
T,9999.0000,2.9102
T,9999.0000,2.9194
E,-1.3500,2.0000
G,10000.0000,2.9200
T,9999.0000,2.9295
E,-1.3500,2.0000
G,10000.0000,2.9300
E,-1.3500,2.0000
G,10000.0000,2.9400
T,9999.0000,2.9406
T,9999.0000,2.9497
E,-1.3500,2.0000
G,10000.0000,2.9500
T,9999.0000,2.9598
E,-1.3500,2.0000
G,10000.0000,2.9600
T,9999.0000,2.9700
E,-1.3500,2.0000
G,10000.0000,2.9700
E,-1.3500,2.0000
G,10000.0000,2.9800
T,9999.0000,2.9801
E,-1.3500,2.0000
G,10000.0000,2.9900
T,9999.0000,2.9902
T,9999.0000,2.9993
E,-1.3500,3.0000
G,10000.0000,3.0000
T,9999.0000,3.0094
E,-1.3500,3.0000
G,10000.0000,3.0100
T,9999.0000,3.0195
E,-1.3500,3.0000
G,10000.0000,3.0200
T,9999.0000,3.0297
E,-1.3500,3.0000
G,10000.0000,3.0300
T,9999.0000,3.0398
E,-1.3500,3.0000
G,10000.0000,3.0400
T,9999.0000,3.0499
E,-1.3500,3.0000
G,10000.0000,3.0500
T,9999.0000,3.0600
E,-1.3500,3.0000
G,10000.0000,3.0600
E,-1.3500,3.0000
G,10000.0000,3.0700
T,9999.0000,3.0701
T,9999.0000,3.0792
E,-1.3500,3.0000
G,10000.0000,3.0800
T,9999.0000,3.0894
E,-1.3500,3.0000
G,10000.0000,3.0900
T,9999.0000,3.0995
E,-1.3500,3.0000
G,10000.0000,3.1000
T,9999.0000,3.1096
E,-1.3500,3.0000
G,10000.0000,3.1100
T,9999.0000,3.1197
E,-1.3500,3.0000
G,10000.0000,3.1200
T,9999.0000,3.1298
E,-1.3500,3.0000
G,10000.0000,3.1300
T,9999.0000,3.1400
E,-1.3500,3.0000
G,10000.0000,3.1400
E,-1.3500,3.0000
G,10000.0000,3.1500
T,9999.0000,3.1501
E,-1.3500,3.0000
G,10000.0000,3.1600
T,9999.0000,3.1602
T,9999.0000,3.1693
E,-1.3500,3.0000
G,10000.0000,3.1700
T,9999.0000,3.1794
E,-1.3500,3.0000
G,10000.0000,3.1800
T,9999.0000,3.1895
E,-1.3500,3.0000
G,10000.0000,3.1900
T,9999.0000,3.1997
E,-1.3500,3.0000
G,10000.0000,3.2000
T,9999.0000,3.2098
E,-1.3500,3.0000
G,10000.0000,3.2100
T,9999.0000,3.2199
E,-1.3500,3.0000
G,10000.0000,3.2200
T,9999.0000,3.2300
E,-1.3500,3.0000
G,10000.0000,3.2300
E,-1.3500,3.0000
G,10000.0000,3.2400
T,9999.0000,3.2401
T,9999.0000,3.2492
E,-1.3500,3.0000
G,10000.0000,3.2500
E,-1.3500,3.0000
G,10000.0000,3.2600
T,9999.0000,3.2604
T,9999.0000,3.2695
E,-1.3500,3.0000
G,10000.0000,3.2700
T,9999.0000,3.2796
E,-1.3500,3.0000
G,10000.0000,3.2800
T,9999.0000,3.2897
E,-1.3500,3.0000
G,10000.0000,3.2900
T,9999.0000,3.2998
E,-1.3500,3.0000
G,10000.0000,3.3000
T,9999.0000,3.3100
E,-1.3500,3.0000
G,10000.0000,3.3100
E,-1.3500,3.0000
G,10000.0000,3.3200
T,9999.0000,3.3201
T,9999.0000,3.3292
E,-1.3500,3.0000
G,10000.0000,3.3300
T,9999.0000,3.3393
E,-1.3500,3.0000
G,10000.0000,3.3400
T,9999.0000,3.3494
E,-1.3500,3.0000
G,10000.0000,3.3500
T,9999.0000,3.3595
E,-1.3500,3.0000
G,10000.0000,3.3600
T,9999.0000,3.3697
E,-1.3500,3.0000
G,10000.0000,3.3700
T,9999.0000,3.3798
E,-1.3500,3.0000
G,10000.0000,3.3800
T,9999.0000,3.3899
E,-1.3500,3.0000
G,10000.0000,3.3900
T,9999.0000,3.4000
E,-1.3500,3.0000
G,10000.0000,3.4000
T,9999.0000,3.4091
E,-1.3500,3.0000
G,10000.0000,3.4100
T,9999.0000,3.4192
E,-1.3500,3.0000
G,10000.0000,3.4200
T,9999.0000,3.4294
E,-1.3500,3.0000
G,10000.0000,3.4300
T,9999.0000,3.4395
E,-1.3500,3.0000
G,10000.0000,3.4400
T,9999.0000,3.4496
E,-1.3500,3.0000
G,10000.0000,3.4500
T,9999.0000,3.4597
E,-1.3500,3.0000
G,10000.0000,3.4600
T,9999.0000,3.4698
E,-1.3500,3.0000
G,10000.0000,3.4700
T,9999.0000,3.4800
E,-1.3500,3.0000
G,10000.0000,3.4800
E,-1.3500,3.0000
G,10000.0000,3.4900
T,9999.0000,3.4901
T,9999.0000,3.4992
E,-1.3500,3.0000
G,10000.0000,3.5000
T,9999.0000,3.5093
E,-1.3500,3.0000
G,10000.0000,3.5100
T,9999.0000,3.5194
E,-1.3500,3.0000
G,10000.0000,3.5200
T,9999.0000,3.5295
E,-1.3500,3.0000
G,10000.0000,3.5300
T,9999.0000,3.5397
E,-1.3500,3.0000
G,10000.0000,3.5400
T,9999.0000,3.5498
E,-1.3500,3.0000
G,10000.0000,3.5500
T,9999.0000,3.5599
E,-1.3500,3.0000
G,10000.0000,3.5600
T,9999.0000,3.5700
E,-1.3500,3.0000
G,10000.0000,3.5700
E,-1.3500,3.0000
G,10000.0000,3.5800
T,9999.0000,3.5801
T,9999.0000,3.5892
E,-1.3500,3.0000
G,10000.0000,3.5900
T,9999.0000,3.5994
E,-1.3500,3.0000
G,10000.0000,3.6000
T,9999.0000,3.6095
E,-1.3500,3.0000
G,10000.0000,3.6100
T,9999.0000,3.6196
E,-1.3500,3.0000
G,10000.0000,3.6200
T,9999.0000,3.6297
E,-1.3500,3.0000
G,10000.0000,3.6300
T,9999.0000,3.6398
E,-1.3500,3.0000
G,10000.0000,3.6400
T,9999.0000,3.6500
E,-1.3500,3.0000
G,10000.0000,3.6500
T,9999.0000,3.6591
E,-1.3500,3.0000
G,10000.0000,3.6600
T,9999.0000,3.6692
E,-1.3500,3.0000
G,10000.0000,3.6700
T,9999.0000,3.6793
E,-1.3500,3.0000
G,10000.0000,3.6800
T,9999.0000,3.6894
E,-1.3500,3.0000
G,10000.0000,3.6900
T,9999.0000,3.6995
E,-1.3500,3.0000
G,10000.0000,3.7000
T,9999.0000,3.7097
E,-1.3500,3.0000
G,10000.0000,3.7100
T,9999.0000,3.7198
E,-1.3500,3.0000
G,10000.0000,3.7200
T,9999.0000,3.7299
E,-1.3500,3.0000
G,10000.0000,3.7300
T,9999.0000,3.7390
E,-1.3500,3.0000
G,10000.0000,3.7400
T,9999.0000,3.7491
E,-1.3500,3.0000
G,10000.0000,3.7500
T,9999.0000,3.7592
E,-1.3500,3.0000
G,10000.0000,3.7600
T,9999.0000,3.7694
E,-1.3500,3.0000
G,10000.0000,3.7700
T,9999.0000,3.7795
E,-1.3500,3.0000
G,10000.0000,3.7800
T,9999.0000,3.7896
E,-1.3500,3.0000
G,10000.0000,3.7900
T,9999.0000,3.7997
E,-1.3500,3.0000
G,10000.0000,3.8000
T,9999.0000,3.8098
E,-1.3500,3.0000
G,10000.0000,3.8100
T,9999.0000,3.8189
E,-1.3500,3.0000
G,10000.0000,3.8200
T,9999.0000,3.8291
E,-1.3500,3.0000
G,10000.0000,3.8300
T,9999.0000,3.8392
E,-1.3500,3.0000
G,10000.0000,3.8400
T,9999.0000,3.8493
E,-1.3500,3.0000
G,10000.0000,3.8500
T,9999.0000,3.8594
E,-1.3500,3.0000
G,10000.0000,3.8600
T,9999.0000,3.8695
E,-1.3500,3.0000
G,10000.0000,3.8700
T,9999.0000,3.8797
E,-1.3500,3.0000
G,10000.0000,3.8800
T,9999.0000,3.8898
E,-1.3500,3.0000
G,10000.0000,3.8900
T,9999.0000,3.8999
E,-1.3500,3.0000
G,10000.0000,3.9000
T,9999.0000,3.9090
E,-1.3500,3.0000
G,10000.0000,3.9100
T,9999.0000,3.9191
E,-1.3500,3.0000
G,10000.0000,3.9200
T,9999.0000,3.9292
E,-1.3500,3.0000
G,10000.0000,3.9300
T,9999.0000,3.9394
E,-1.3500,3.0000
G,10000.0000,3.9400
T,9999.0000,3.9495
E,-1.3500,3.0000
G,10000.0000,3.9500
T,9999.0000,3.9596
E,-1.3500,3.0000
G,10000.0000,3.9600
T,9999.0000,3.9697
E,-1.3500,3.0000
G,10000.0000,3.9700
T,9999.0000,3.9798
E,-1.3500,3.0000
G,10000.0000,3.9800
T,9999.0000,3.9889
E,-1.3500,3.0000
G,10000.0000,3.9900
T,9999.0000,3.9991
E,-1.3500,4.0000
G,10000.0000,4.0000
T,9999.0000,4.0092
E,-1.3500,4.0000
G,4000.0000,4.0100
T,9638.0000,4.0193
E,-1.1300,4.0000
G,4000.0000,4.0200
T,8282.0000,4.0294
E,-0.3100,4.0000
G,4000.0000,4.0300
T,6097.0000,4.0395
E,1.0300,4.0000
G,4000.0000,4.0400
T,3668.0000,4.0497
E,2.4100,4.0000
G,4000.0000,4.0500
T,2371.0000,4.0598
E,3.0500,4.0000
G,4000.0000,4.0600
T,2270.0000,4.0689
E,3.1000,4.0000
G,4000.0000,4.0700
T,3120.0000,4.0790
E,2.5600,4.0000
G,4000.0000,4.0800
T,4364.0000,4.0891
E,1.9000,4.0000
G,4000.0000,4.0900
T,4566.0000,4.0992
E,1.8300,4.0000
G,4000.0000,4.1000
T,4402.0000,4.1094
E,1.8800,4.0000
G,4000.0000,4.1100
T,4231.0000,4.1195
E,1.9800,4.0000
G,4000.0000,4.1200
T,4125.0000,4.1296
E,2.0400,4.0000
G,4000.0000,4.1300
T,4072.0000,4.1397
E,2.0700,4.0000
G,4000.0000,4.1400
T,4045.0000,4.1488
E,2.0800,4.0000
G,4000.0000,4.1500
T,4029.0000,4.1589
E,2.0900,4.0000
G,4000.0000,4.1600
T,4019.0000,4.1691
E,2.1000,4.0000
G,4000.0000,4.1700
T,4014.0000,4.1792
E,2.1000,4.0000
G,4000.0000,4.1800
T,4008.0000,4.1893
E,2.1100,4.0000
G,4000.0000,4.1900
T,4003.0000,4.1994
E,2.1100,4.0000
G,4000.0000,4.2000
T,4003.0000,4.2095
E,2.1100,4.0000
G,4000.0000,4.2100
T,3998.0000,4.2197
E,2.1100,4.0000
G,4000.0000,4.2200
T,3998.0000,4.2288
E,2.1200,4.0000
G,4000.0000,4.2300
T,3998.0000,4.2389
E,2.1200,4.0000
G,4000.0000,4.2400
T,3998.0000,4.2490
E,2.1200,4.0000
G,4000.0000,4.2500
T,3998.0000,4.2591
E,2.1200,4.0000
G,4000.0000,4.2600
T,3998.0000,4.2692
E,2.1200,4.0000
G,4000.0000,4.2700
T,3998.0000,4.2794
E,2.1200,4.0000
G,4000.0000,4.2800
T,3998.0000,4.2895
E,2.1200,4.0000
G,4000.0000,4.2900
T,3998.0000,4.2996
E,2.1200,4.0000
G,4000.0000,4.3000
T,3998.0000,4.3087
E,2.1200,4.0000
G,4000.0000,4.3100
T,3998.0000,4.3188
E,2.1200,4.0000
G,4000.0000,4.3200
T,3998.0000,4.3290
E,2.1200,4.0000
G,4000.0000,4.3300
T,3998.0000,4.3391
E,2.1200,4.0000
G,4000.0000,4.3400
T,3998.0000,4.3492
E,2.1200,4.0000
G,4000.0000,4.3500
T,3998.0000,4.3593
E,2.1200,4.0000
G,4000.0000,4.3600
T,3998.0000,4.3694
E,2.1200,4.0000
G,4000.0000,4.3700
T,3998.0000,4.3795
E,2.1200,4.0000
G,4000.0000,4.3800
T,3998.0000,4.3897
E,2.1200,4.0000
G,4000.0000,4.3900
T,3998.0000,4.3988
E,2.1200,4.0000
G,4000.0000,4.4000
T,3998.0000,4.4089
E,2.1200,4.0000
G,4000.0000,4.4100
T,3998.0000,4.4190
E,2.1200,4.0000
G,4000.0000,4.4200
T,3998.0000,4.4291
E,2.1200,4.0000
G,4000.0000,4.4300
T,3998.0000,4.4392
E,2.1200,4.0000
G,4000.0000,4.4400
T,3998.0000,4.4494
E,2.1200,4.0000
G,4000.0000,4.4500
T,3998.0000,4.4595
E,2.1200,4.0000
G,4000.0000,4.4600
T,3998.0000,4.4696
E,2.1200,4.0000
G,4000.0000,4.4700
T,3998.0000,4.4787
E,2.1200,4.0000
G,4000.0000,4.4800
T,3998.0000,4.4888
E,2.1200,4.0000
G,4000.0000,4.4900
T,3998.0000,4.4990
E,2.1200,4.0000
G,4000.0000,4.5000
T,3998.0000,4.5091
E,2.1200,4.0000
G,4000.0000,4.5100
T,3998.0000,4.5192
E,2.1200,4.0000
G,4000.0000,4.5200
T,3998.0000,4.5293
E,2.1200,4.0000
G,4000.0000,4.5300
T,3998.0000,4.5394
E,2.1200,4.0000
G,4000.0000,4.5400
T,3998.0000,4.5495
E,2.1200,4.0000
G,4000.0000,4.5500
T,3998.0000,4.5587
E,2.1200,4.0000
G,4000.0000,4.5600
T,3998.0000,4.5688
E,2.1200,4.0000
G,4000.0000,4.5700
T,3998.0000,4.5789
E,2.1200,4.0000
G,4000.0000,4.5800
T,3998.0000,4.5890
E,2.1200,4.0000
G,4000.0000,4.5900
T,3998.0000,4.5991
E,2.1200,4.0000
G,4000.0000,4.6000
T,3998.0000,4.6092
E,2.1200,4.0000
G,4000.0000,4.6100
T,3998.0000,4.6194
E,2.1200,4.0000
G,4000.0000,4.6200
T,3998.0000,4.6295
E,2.1200,4.0000
G,4000.0000,4.6300
T,3998.0000,4.6386
E,2.1200,4.0000
G,4000.0000,4.6400
T,3998.0000,4.6487
E,2.1200,4.0000
G,4000.0000,4.6500
T,3998.0000,4.6588
E,2.1200,4.0000
G,4000.0000,4.6600
T,3998.0000,4.6690
E,2.1200,4.0000
G,4000.0000,4.6700
T,3998.0000,4.6791
E,2.1200,4.0000
G,4000.0000,4.6800
T,3998.0000,4.6892
E,2.1200,4.0000
G,4000.0000,4.6900
T,3998.0000,4.6993
E,2.1200,4.0000
G,4000.0000,4.7000
T,3998.0000,4.7094
E,2.1200,4.0000
G,4000.0000,4.7100
T,3998.0000,4.7195
E,2.1200,4.0000
G,4000.0000,4.7200
T,3998.0000,4.7287
E,2.1200,4.0000
G,4000.0000,4.7300
T,3998.0000,4.7388
E,2.1200,4.0000
G,4000.0000,4.7400
T,3998.0000,4.7489
E,2.1200,4.0000
G,4000.0000,4.7500
T,3998.0000,4.7590
E,2.1200,4.0000
G,4000.0000,4.7600
T,3998.0000,4.7691
E,2.1200,4.0000
G,4000.0000,4.7700
T,3998.0000,4.7792
E,2.1200,4.0000
G,4000.0000,4.7800
T,3998.0000,4.7894
E,2.1200,4.0000
G,4000.0000,4.7900
T,3998.0000,4.7995
E,2.1200,4.0000
G,4000.0000,4.8000
T,3998.0000,4.8086
E,2.1200,4.0000
G,4000.0000,4.8100
T,3998.0000,4.8187
E,2.1200,4.0000
G,4000.0000,4.8200
T,3998.0000,4.8288
E,2.1200,4.0000
G,4000.0000,4.8300
T,3998.0000,4.8390
E,2.1200,4.0000
G,4000.0000,4.8400
T,3998.0000,4.8491
E,2.1200,4.0000
G,4000.0000,4.8500
E,2.1200,4.0000
G,4000.0000,4.8600
T,3998.0000,4.8602
T,3998.0000,4.8693
E,2.1200,4.0000
G,4000.0000,4.8700
T,3998.0000,4.8794
E,2.1200,4.0000
G,4000.0000,4.8800
T,3998.0000,4.8885
E,2.1200,4.0000
G,4000.0000,4.8900
T,3998.0000,4.8987
E,2.1200,4.0000
G,4000.0000,4.9000
T,3992.0000,4.9088
E,2.1200,4.0000
G,4000.0000,4.9100
T,3992.0000,4.9189
E,2.1200,4.0000
G,4000.0000,4.9200
T,3992.0000,4.9290
E,2.1200,4.0000
G,4000.0000,4.9300
T,3992.0000,4.9391
E,2.1200,4.0000
G,4000.0000,4.9400
T,3998.0000,4.9492
E,2.1200,4.0000
G,4000.0000,4.9500
T,3998.0000,4.9594
E,2.1200,4.0000
G,4000.0000,4.9600
T,3998.0000,4.9685
E,2.1200,4.0000
G,4000.0000,4.9700
T,3998.0000,4.9786
E,2.1200,4.0000
G,4000.0000,4.9800
T,3998.0000,4.9887
E,2.1200,4.0000
G,4000.0000,4.9900
T,3998.0000,4.9988
E,2.1200,5.0000
G,4000.0000,5.0000
T,3998.0000,5.0090
E,2.1200,5.0000
G,4000.0000,5.0100
T,3998.0000,5.0191
E,2.1200,5.0000
G,4000.0000,5.0200
T,3998.0000,5.0292
E,2.1200,5.0000
G,4000.0000,5.0300
T,3998.0000,5.0393
E,2.1200,5.0000
G,4000.0000,5.0400
T,3998.0000,5.0484
E,2.1200,5.0000
G,4000.0000,5.0500
T,3998.0000,5.0585
E,2.1200,5.0000
G,4000.0000,5.0600
T,3998.0000,5.0687
E,2.1200,5.0000
G,4000.0000,5.0700
T,3998.0000,5.0788
E,2.1200,5.0000
G,4000.0000,5.0800
T,3998.0000,5.0889
E,2.1200,5.0000
G,4000.0000,5.0900
T,3998.0000,5.0990
E,2.1200,5.0000
G,4000.0000,5.1000
T,3998.0000,5.1091
E,2.1200,5.0000
G,4000.0000,5.1100
T,3998.0000,5.1192
E,2.1200,5.0000
G,4000.0000,5.1200
T,3998.0000,5.1294
E,2.1200,5.0000
G,4000.0000,5.1300
T,3998.0000,5.1385
E,2.1200,5.0000
G,4000.0000,5.1400
T,3998.0000,5.1486
E,2.1200,5.0000
G,4000.0000,5.1500
T,3998.0000,5.1587
E,2.1200,5.0000
G,4000.0000,5.1600
T,3998.0000,5.1688
E,2.1200,5.0000
G,4000.0000,5.1700
T,3998.0000,5.1800
E,2.1200,5.0000
G,4000.0000,5.1800
T,3998.0000,5.1891
E,2.1200,5.0000
G,4000.0000,5.1900
T,3998.0000,5.1992
E,2.1200,5.0000
G,4000.0000,5.2000
T,3998.0000,5.2093
E,2.1200,5.0000
G,4000.0000,5.2100
T,3998.0000,5.2184
E,2.1200,5.0000
G,4000.0000,5.2200
T,3998.0000,5.2285
E,2.1200,5.0000
G,4000.0000,5.2300
T,3998.0000,5.2387
E,2.1200,5.0000
G,4000.0000,5.2400
T,3998.0000,5.2488
E,2.1200,5.0000
G,4000.0000,5.2500
T,3998.0000,5.2589
E,2.1200,5.0000
G,4000.0000,5.2600
T,3998.0000,5.2690
E,2.1200,5.0000
G,4000.0000,5.2700
T,3998.0000,5.2791
E,2.1200,5.0000
G,4000.0000,5.2800
T,3998.0000,5.2892
E,2.1200,5.0000
G,4000.0000,5.2900
T,3998.0000,5.2984
E,2.1200,5.0000
G,4000.0000,5.3000
T,3998.0000,5.3085
E,2.1200,5.0000
G,4000.0000,5.3100
T,3998.0000,5.3186
E,2.1200,5.0000
G,4000.0000,5.3200
T,3998.0000,5.3287
E,2.1200,5.0000
G,4000.0000,5.3300
T,3998.0000,5.3388
E,2.1200,5.0000
G,4000.0000,5.3400
T,3998.0000,5.3490
E,2.1200,5.0000
G,4000.0000,5.3500
T,3998.0000,5.3591
E,2.1200,5.0000
G,4000.0000,5.3600
T,3998.0000,5.3692
E,2.1200,5.0000
G,4000.0000,5.3700
T,3998.0000,5.3783
E,2.1200,5.0000
G,4000.0000,5.3800
T,3998.0000,5.3884
E,2.1200,5.0000
G,4000.0000,5.3900
T,3998.0000,5.3985
E,2.1200,5.0000
G,4000.0000,5.4000
T,3998.0000,5.4086
E,2.1200,5.0000
G,4000.0000,5.4100
T,3998.0000,5.4188
E,2.1200,5.0000
G,4000.0000,5.4200
T,3998.0000,5.4289
E,2.1200,5.0000
G,4000.0000,5.4300
T,3998.0000,5.4390
E,2.1200,5.0000
G,4000.0000,5.4400
T,3998.0000,5.4491
E,2.1200,5.0000
G,4000.0000,5.4500
T,3998.0000,5.4582
E,2.1200,5.0000
G,4000.0000,5.4600
T,3998.0000,5.4684
E,2.1200,5.0000
G,4000.0000,5.4700
T,3998.0000,5.4785
E,2.1200,5.0000
G,4000.0000,5.4800
T,3998.0000,5.4886
E,2.1200,5.0000
G,4000.0000,5.4900
T,3998.0000,5.4997
E,2.1200,5.0000
G,4000.0000,5.5000
T,3998.0000,5.5088
E,2.1200,5.0000
G,4000.0000,5.5100
T,3998.0000,5.5190
E,2.1200,5.0000
G,4000.0000,5.5200
T,3998.0000,5.5291
E,2.1200,5.0000
G,4000.0000,5.5300
T,3998.0000,5.5392
E,2.1200,5.0000
G,4000.0000,5.5400
T,3998.0000,5.5483
E,2.1200,5.0000
G,4000.0000,5.5500
T,3998.0000,5.5584
E,2.1200,5.0000
G,4000.0000,5.5600
T,3998.0000,5.5685
E,2.1200,5.0000
G,4000.0000,5.5700
T,3998.0000,5.5787
E,2.1200,5.0000
G,4000.0000,5.5800
T,3998.0000,5.5888
E,2.1200,5.0000
G,4000.0000,5.5900
T,3998.0000,5.5989
E,2.1200,5.0000
G,4000.0000,5.6000
T,3998.0000,5.6090
E,2.1200,5.0000
G,4000.0000,5.6100
T,3998.0000,5.6191
E,2.1200,5.0000
G,4000.0000,5.6200
T,3998.0000,5.6282
E,2.1200,5.0000
G,4000.0000,5.6300
T,3998.0000,5.6384
E,2.1200,5.0000
G,4000.0000,5.6400
T,3998.0000,5.6485
E,2.1200,5.0000
G,4000.0000,5.6500
T,3998.0000,5.6586
E,2.1200,5.0000
G,4000.0000,5.6600
T,3998.0000,5.6687
E,2.1200,5.0000
G,4000.0000,5.6700
T,3998.0000,5.6788
E,2.1200,5.0000
G,4000.0000,5.6800
T,3998.0000,5.6890
E,2.1200,5.0000
G,4000.0000,5.6900
T,3998.0000,5.6991
E,2.1200,5.0000
G,4000.0000,5.7000
T,3998.0000,5.7082
E,2.1200,5.0000
G,4000.0000,5.7100
T,3998.0000,5.7183
E,2.1200,5.0000
G,4000.0000,5.7200
T,3998.0000,5.7284
E,2.1200,5.0000
G,4000.0000,5.7300
T,3998.0000,5.7385
E,2.1200,5.0000
G,4000.0000,5.7400
T,3998.0000,5.7487
E,2.1200,5.0000
G,4000.0000,5.7500
T,3998.0000,5.7588
E,2.1200,5.0000
G,4000.0000,5.7600
T,3998.0000,5.7689
E,2.1200,5.0000
G,4000.0000,5.7700
T,3998.0000,5.7790
E,2.1200,5.0000
G,4000.0000,5.7800
T,3998.0000,5.7881
E,2.1200,5.0000
G,4000.0000,5.7900
T,3998.0000,5.7982
E,2.1200,5.0000
G,4000.0000,5.8000
T,3998.0000,5.8084
E,2.1200,5.0000
G,4000.0000,5.8100
T,3998.0000,5.8195
E,2.1200,5.0000
G,4000.0000,5.8200
T,3998.0000,5.8286
E,2.1200,5.0000
G,4000.0000,5.8300
T,3998.0000,5.8387
E,2.1200,5.0000
G,4000.0000,5.8400
T,3998.0000,5.8488
E,2.1200,5.0000
G,4000.0000,5.8500
T,3998.0000,5.8590
E,2.1200,5.0000
G,4000.0000,5.8600
T,3998.0000,5.8681
E,2.1200,5.0000
G,4000.0000,5.8700
T,3998.0000,5.8782
E,2.1200,5.0000
G,4000.0000,5.8800
T,3998.0000,5.8883
E,2.1200,5.0000
G,4000.0000,5.8900
T,3998.0000,5.8984
E,2.1200,5.0000
G,4000.0000,5.9000
T,3998.0000,5.9085
E,2.1200,5.0000
G,4000.0000,5.9100
T,3998.0000,5.9187
E,2.1200,5.0000
G,4000.0000,5.9200
T,3998.0000,5.9288
E,2.1200,5.0000
G,4000.0000,5.9300
T,3998.0000,5.9389
E,2.1200,5.0000
G,4000.0000,5.9400
T,3998.0000,5.9490
E,2.1200,5.0000
G,4000.0000,5.9500
T,3998.0000,5.9581
E,2.1200,5.0000
G,4000.0000,5.9600
T,3998.0000,5.9682
E,2.1200,5.0000
G,4000.0000,5.9700
T,3998.0000,5.9784
E,2.1200,5.0000
G,4000.0000,5.9800
T,3998.0000,5.9885
E,2.1200,5.0000
G,4000.0000,5.9900
T,3998.0000,5.9986
E,2.1200,6.0000
G,4000.0000,6.0000
T,3998.0000,6.0087
E,2.1200,6.0000
G,10000.0000,6.0100
T,4295.0000,6.0188
E,1.8700,6.0000
G,10000.0000,6.0200
T,5592.0000,6.0290
E,1.0500,6.0000
G,10000.0000,6.0300
T,7729.0000,6.0381
E,-0.3400,6.0000
G,10000.0000,6.0400
T,10217.0000,6.0482
E,-1.6800,6.0000
G,10000.0000,6.0500
T,11626.0000,6.0583
E,-2.3300,6.0000
G,10000.0000,6.0600
T,11833.0000,6.0684
E,-2.3900,6.0000
G,10000.0000,6.0700
T,11041.0000,6.0785
E,-1.8700,6.0000
G,10000.0000,6.0800
T,9723.0000,6.0887
E,-1.1600,6.0000
G,10000.0000,6.0900
T,9425.0000,6.0988
E,-1.0600,6.0000
G,10000.0000,6.1000
T,9569.0000,6.1089
E,-1.1200,6.0000
G,10000.0000,6.1100
T,9749.0000,6.1180
E,-1.2200,6.0000
G,10000.0000,6.1200
T,9866.0000,6.1281
E,-1.2800,6.0000
G,10000.0000,6.1300
T,9925.0000,6.1392
E,-1.3100,6.0000
G,10000.0000,6.1400
T,9946.0000,6.1484
E,-1.3200,6.0000
G,10000.0000,6.1500
T,9962.0000,6.1585
E,-1.3300,6.0000
G,10000.0000,6.1600
T,9973.0000,6.1686
E,-1.3400,6.0000
G,10000.0000,6.1700
T,9983.0000,6.1787
E,-1.3400,6.0000
G,10000.0000,6.1800
T,9989.0000,6.1888
E,-1.3400,6.0000
G,10000.0000,6.1900
T,9994.0000,6.1979
E,-1.3500,6.0000
G,10000.0000,6.2000
T,9994.0000,6.2081
E,-1.3500,6.0000
G,10000.0000,6.2100
T,9999.0000,6.2182
E,-1.3500,6.0000
G,10000.0000,6.2200
T,9999.0000,6.2283
E,-1.3500,6.0000
G,10000.0000,6.2300
T,9999.0000,6.2384
E,-1.3500,6.0000
G,10000.0000,6.2400
T,9999.0000,6.2485
E,-1.3500,6.0000
G,10000.0000,6.2500
T,9999.0000,6.2586
E,-1.3500,6.0000
G,10000.0000,6.2600
T,9999.0000,6.2688
E,-1.3500,6.0000
G,10000.0000,6.2700
T,9999.0000,6.2789
E,-1.3500,6.0000
G,10000.0000,6.2800
T,9999.0000,6.2880
E,-1.3500,6.0000
G,10000.0000,6.2900
T,9999.0000,6.2981
E,-1.3500,6.0000
G,10000.0000,6.3000
T,9999.0000,6.3082
E,-1.3500,6.0000
G,10000.0000,6.3100
T,9999.0000,6.3184
E,-1.3500,6.0000
G,10000.0000,6.3200
T,9999.0000,6.3285
E,-1.3500,6.0000
G,10000.0000,6.3300
T,9999.0000,6.3386
E,-1.3500,6.0000
G,10000.0000,6.3400
T,9999.0000,6.3487
E,-1.3500,6.0000
G,10000.0000,6.3500
T,9999.0000,6.3588
E,-1.3500,6.0000
G,10000.0000,6.3600
T,9999.0000,6.3679
E,-1.3500,6.0000
G,10000.0000,6.3700
T,9999.0000,6.3781
E,-1.3500,6.0000
G,10000.0000,6.3800
T,9999.0000,6.3882
E,-1.3500,6.0000
G,10000.0000,6.3900
T,9999.0000,6.3983
E,-1.3500,6.0000
G,10000.0000,6.4000
T,9999.0000,6.4084
E,-1.3500,6.0000
G,10000.0000,6.4100
T,9999.0000,6.4185
E,-1.3500,6.0000
G,10000.0000,6.4200
T,9999.0000,6.4287
E,-1.3500,6.0000
G,10000.0000,6.4300
T,9999.0000,6.4388
E,-1.3500,6.0000
G,10000.0000,6.4400
T,9999.0000,6.4479
E,-1.3500,6.0000
G,10000.0000,6.4500
T,9999.0000,6.4590
E,-1.3500,6.0000
G,10000.0000,6.4600
T,9999.0000,6.4681
E,-1.3500,6.0000
G,10000.0000,6.4700
T,9999.0000,6.4782
E,-1.3500,6.0000
G,10000.0000,6.4800
T,9999.0000,6.4884
E,-1.3500,6.0000
G,10000.0000,6.4900
T,9999.0000,6.4985
E,-1.3500,6.0000
G,10000.0000,6.5000
T,9999.0000,6.5086
E,-1.3500,6.0000
G,10000.0000,6.5100
T,9999.0000,6.5187
E,-1.3500,6.0000
G,10000.0000,6.5200
T,9999.0000,6.5278
E,-1.3500,6.0000
G,10000.0000,6.5300
T,9999.0000,6.5379
E,-1.3500,6.0000
G,10000.0000,6.5400
T,9999.0000,6.5481
E,-1.3500,6.0000
G,10000.0000,6.5500
T,9999.0000,6.5582
E,-1.3500,6.0000
G,10000.0000,6.5600
T,9999.0000,6.5683
E,-1.3500,6.0000
G,10000.0000,6.5700
T,9999.0000,6.5784
E,-1.3500,6.0000
G,10000.0000,6.5800
T,9999.0000,6.5885
E,-1.3500,6.0000
G,10000.0000,6.5900
T,9999.0000,6.5986
E,-1.3500,6.0000
G,10000.0000,6.6000
T,9999.0000,6.6088
E,-1.3500,6.0000
G,10000.0000,6.6100
T,9999.0000,6.6179
E,-1.3500,6.0000
G,10000.0000,6.6200
T,9999.0000,6.6280
E,-1.3500,6.0000
G,10000.0000,6.6300
T,9999.0000,6.6381
E,-1.3500,6.0000
G,10000.0000,6.6400
T,9999.0000,6.6482
E,-1.3500,6.0000
G,10000.0000,6.6500
T,9999.0000,6.6584
E,-1.3500,6.0000
G,10000.0000,6.6600
T,9999.0000,6.6685
E,-1.3500,6.0000
G,10000.0000,6.6700
T,9999.0000,6.6786
E,-1.3500,6.0000
G,10000.0000,6.6800
T,9999.0000,6.6887
E,-1.3500,6.0000
G,10000.0000,6.6900
T,9999.0000,6.6978
E,-1.3500,6.0000
G,10000.0000,6.7000
T,9999.0000,6.7079
E,-1.3500,6.0000
G,10000.0000,6.7100
T,9999.0000,6.7181
E,-1.3500,6.0000
G,10000.0000,6.7200
T,9999.0000,6.7282
E,-1.3500,6.0000
G,10000.0000,6.7300
T,9999.0000,6.7383
E,-1.3500,6.0000
G,10000.0000,6.7400
T,9999.0000,6.7484
E,-1.3500,6.0000
G,10000.0000,6.7500
T,9999.0000,6.7585
E,-1.3500,6.0000
G,10000.0000,6.7600
T,9999.0000,6.7687
E,-1.3500,6.0000
G,10000.0000,6.7700
T,9999.0000,6.7788
E,-1.3500,6.0000
G,10000.0000,6.7800
T,9999.0000,6.7879
E,-1.3500,6.0000
G,10000.0000,6.7900
T,9999.0000,6.7980
E,-1.3500,6.0000
G,10000.0000,6.8000
T,9999.0000,6.8081
E,-1.3500,6.0000
G,10000.0000,6.8100
T,9999.0000,6.8182
E,-1.3500,6.0000
G,10000.0000,6.8200
T,9999.0000,6.8284
E,-1.3500,6.0000
G,10000.0000,6.8300
T,9999.0000,6.8385
E,-1.3500,6.0000
G,10000.0000,6.8400
T,9999.0000,6.8486
E,-1.3500,6.0000
G,10000.0000,6.8500
T,9999.0000,6.8577
E,-1.3500,6.0000
G,10000.0000,6.8600
T,9999.0000,6.8678
E,-1.3500,6.0000
G,10000.0000,6.8700
T,9999.0000,6.8779
E,-1.3500,6.0000
G,10000.0000,6.8800
T,9999.0000,6.8881
E,-1.3500,6.0000
G,10000.0000,6.8900
T,9999.0000,6.8982
E,-1.3500,6.0000
G,10000.0000,6.9000
T,9999.0000,6.9083
E,-1.3500,6.0000
G,10000.0000,6.9100
T,9999.0000,6.9184
E,-1.3500,6.0000
G,10000.0000,6.9200
T,9999.0000,6.9285
E,-1.3500,6.0000
G,10000.0000,6.9300
T,9999.0000,6.9376
E,-1.3500,6.0000
G,10000.0000,6.9400
T,9999.0000,6.9478
E,-1.3500,6.0000
G,10000.0000,6.9500
T,9999.0000,6.9579
E,-1.3500,6.0000
G,10000.0000,6.9600
T,9999.0000,6.9680
E,-1.3500,6.0000
G,10000.0000,6.9700
T,9999.0000,6.9781
E,-1.3500,6.0000
G,10000.0000,6.9800
T,9999.0000,6.9882
E,-1.3500,6.0000
G,10000.0000,6.9900
T,9999.0000,6.9984
E,-1.3500,7.0000
G,10000.0000,7.0000
